{
  "selected_top5_by_gap": [
    {
      "record": {
        "sequence": "TWLKKRRWKKAK",
        "selected_indices": [
          [
            2,
            3,
            4
          ],
          [
            8,
            9,
            10
          ],
          [
            5,
            6,
            7
          ]
        ],
        "key_subsequences": [
          "wlk",
          "wkk",
          "krr"
        ],
        "attention_importance": [
          0.008580866269767284,
          0.007801665458828211,
          0.011778956279158592,
          0.009604252874851227,
          0.009604252874851227,
          0.009320544078946114,
          0.009320544078946114,
          0.007801665458828211,
          0.009604252874851227,
          0.009604252874851227,
          0.009749426506459713,
          0.009604252874851227,
          0.007883638143539429,
          0.007883638143539429
        ]
      },
      "global_max_index": 2,
      "top1": 0.011778956279158592,
      "top2": 0.009749426506459713,
      "gap": 0.0020295297726988792,
      "matched_windows": [
        [
          2,
          3,
          4
        ]
      ],
      "matched_motifs": [
        "LKK"
      ]
    },
    {
      "record": {
        "sequence": "FLPPSPWKETFRTS",
        "selected_indices": [
          [
            1,
            2,
            3
          ],
          [
            5,
            6,
            7
          ],
          [
            10,
            11,
            12
          ]
        ],
        "key_subsequences": [
          "flp",
          "spw",
          "tfr"
        ],
        "attention_importance": [
          0.009558843448758125,
          0.011398116126656532,
          0.009829023852944374,
          0.009829023852944374,
          0.00832933746278286,
          0.009829023852944374,
          0.00865496788173914,
          0.009365780279040337,
          0.00897411908954382,
          0.008296574465930462,
          0.009558843448758125,
          0.009252665564417839,
          0.008296574465930462,
          0.00832933746278286,
          0.007876048795878887,
          0.007876048795878887
        ]
      },
      "global_max_index": 1,
      "top1": 0.011398116126656532,
      "top2": 0.009829023852944374,
      "gap": 0.0015690922737121582,
      "matched_windows": [
        [
          0,
          1,
          2
        ]
      ],
      "matched_motifs": [
        "FLP"
      ]
    },
    {
      "record": {
        "sequence": "FLPIIASVAAKVFSKIFCAISKKC",
        "selected_indices": [
          [
            1,
            2,
            3
          ],
          [
            13,
            14,
            15
          ],
          [
            9,
            10,
            11
          ]
        ],
        "key_subsequences": [
          "flp",
          "fsk",
          "aak"
        ],
        "attention_importance": [
          0.009879974648356438,
          0.010960057377815247,
          0.012735611759126186,
          0.010883406735956669,
          0.010883406735956669,
          0.010391319170594215,
          0.00960545614361763,
          0.010447554290294647,
          0.010391319170594215,
          0.010391319170594215,
          0.010864365845918655,
          0.010447554290294647,
          0.009879974648356438,
          0.011184007860720158,
          0.010776733979582787,
          0.010883406735956669,
          0.009879974648356438,
          0.008902419358491898,
          0.010268847458064556,
          0.010883406735956669,
          0.009318395517766476,
          0.010776733979582787,
          0.010776733979582787,
          0.008902419358491898,
          0.007732609752565622,
          0.007732609752565622
        ]
      },
      "global_max_index": 2,
      "top1": 0.012735611759126186,
      "top2": 0.011184007860720158,
      "gap": 0.0015516038984060287,
      "matched_windows": [
        [
          0,
          1,
          2
        ]
      ],
      "matched_motifs": [
        "FLP"
      ]
    },
    {
      "record": {
        "sequence": "FLPGLIKAAVGIGSTIFCKISRKC",
        "selected_indices": [
          [
            1,
            2,
            3
          ],
          [
            6,
            7,
            8
          ],
          [
            10,
            11,
            12
          ]
        ],
        "key_subsequences": [
          "flp",
          "ika",
          "vgi"
        ],
        "attention_importance": [
          0.009109044447541237,
          0.010843463242053986,
          0.01246788538992405,
          0.010732682421803474,
          0.010843463242053986,
          0.01092866063117981,
          0.011300100944936275,
          0.010989930480718613,
          0.010989930480718613,
          0.010389309376478195,
          0.010732682421803474,
          0.010923861525952816,
          0.010732682421803474,
          0.009238721802830696,
          0.009513728320598602,
          0.01092866063117981,
          0.01019905973225832,
          0.008932298049330711,
          0.011300100944936275,
          0.01092866063117981,
          0.009523797780275345,
          0.01091806124895811,
          0.011300100944936275,
          0.008932298049330711,
          0.007711237296462059,
          0.007711237296462059
        ]
      },
      "global_max_index": 2,
      "top1": 0.01246788538992405,
      "top2": 0.011300100944936275,
      "gap": 0.001167784444987774,
      "matched_windows": [
        [
          0,
          1,
          2
        ]
      ],
      "matched_motifs": [
        "FLP"
      ]
    },
    {
      "record": {
        "sequence": "FLPVLGKVIKLVGGLL",
        "selected_indices": [
          [
            1,
            2,
            3
          ],
          [
            9,
            10,
            11
          ],
          [
            6,
            7,
            8
          ]
        ],
        "key_subsequences": [
          "flp",
          "ikl",
          "gkv"
        ],
        "attention_importance": [
          0.009249461814761162,
          0.010721182450652122,
          0.012366783805191517,
          0.010737424716353416,
          0.010721182450652122,
          0.010281245224177837,
          0.011242573149502277,
          0.010737424716353416,
          0.010383524000644684,
          0.011242573149502277,
          0.010721182450652122,
          0.010737424716353416,
          0.010281245224177837,
          0.010281245224177837,
          0.010721182450652122,
          0.010721182450652122,
          0.0077023133635520935,
          0.0077023133635520935
        ]
      },
      "global_max_index": 2,
      "top1": 0.012366783805191517,
      "top2": 0.011242573149502277,
      "gap": 0.0011242106556892395,
      "matched_windows": [
        [
          0,
          1,
          2
        ]
      ],
      "matched_motifs": [
        "FLP"
      ]
    }
  ],
  "all_candidates_count": 69
}