{
  "selected_top5_by_gap": [
    {
      "record": {
        "sequence": "ARLKKCFNKVTGYCRKKCKVGERYEIGCLSGKLCCAN",
        "selected_indices": [
          [
            2,
            3,
            4
          ],
          [
            18,
            19,
            20
          ],
          [
            14,
            15,
            16
          ]
        ],
        "key_subsequences": [
          "rlk",
          "ckv",
          "crk"
        ],
        "attention_importance": [
          0.009636377915740013,
          0.009472863748669624,
          0.011099925264716148,
          0.010557916946709156,
          0.009904990904033184,
          0.008929372765123844,
          0.008398961275815964,
          0.009563274681568146,
          0.009343860670924187,
          0.010121882893145084,
          0.010056700557470322,
          0.010223828256130219,
          0.0082164965569973,
          0.008929372765123844,
          0.009829930029809475,
          0.010153711773455143,
          0.01073288731276989,
          0.008929372765123844,
          0.01046285592019558,
          0.010620543733239174,
          0.009682083502411842,
          0.009558682329952717,
          0.010739343240857124,
          0.008669368922710419,
          0.009542184881865978,
          0.01034486573189497,
          0.010074259713292122,
          0.008929372765123844,
          0.010001140646636486,
          0.00887221284210682,
          0.010427510365843773,
          0.01021634228527546,
          0.008641778491437435,
          0.008899887092411518,
          0.008891250938177109,
          0.010569712147116661,
          0.009424293413758278,
          0.007852037437260151,
          0.007852037437260151
        ]
      },
      "global_max_index": 2,
      "top1": 0.011099925264716148,
      "top2": 0.010739343240857124,
      "gap": 0.00036058202385902405,
      "matched_windows": [
        [
          2,
          3,
          4
        ]
      ],
      "matched_motifs": [
        "LKK"
      ]
    },
    {
      "record": {
        "sequence": "PAWRKARRWARRMKKLAA",
        "selected_indices": [
          [
            15,
            16,
            17
          ],
          [
            12,
            13,
            14
          ],
          [
            3,
            4,
            5
          ]
        ],
        "key_subsequences": [
          "kla",
          "rmk",
          "wrk"
        ],
        "attention_importance": [
          0.009809873066842556,
          0.009289460256695747,
          0.008467139676213264,
          0.00869323406368494,
          0.009112576022744179,
          0.009289460256695747,
          0.00869323406368494,
          0.00869323406368494,
          0.008467139676213264,
          0.009289460256695747,
          0.00869323406368494,
          0.00869323406368494,
          0.010800466872751713,
          0.009112576022744179,
          0.009112576022744179,
          0.011142032220959663,
          0.009289460256695747,
          0.009289460256695747,
          0.007898886688053608,
          0.007898886688053608
        ]
      },
      "global_max_index": 15,
      "top1": 0.011142032220959663,
      "top2": 0.010800466872751713,
      "gap": 0.0003415653482079506,
      "matched_windows": [
        [
          13,
          14,
          15
        ]
      ],
      "matched_motifs": [
        "KKL"
      ]
    },
    {
      "record": {
        "sequence": "PAWFKARRWAWRMKKLAA",
        "selected_indices": [
          [
            13,
            14,
            15
          ],
          [
            3,
            4,
            5
          ],
          [
            10,
            11,
            12
          ]
        ],
        "key_subsequences": [
          "mkk",
          "wfk",
          "awr"
        ],
        "attention_importance": [
          0.010148574598133564,
          0.009106749668717384,
          0.008295988664031029,
          0.010055470280349255,
          0.009256700985133648,
          0.009106749668717384,
          0.00887275394052267,
          0.00887275394052267,
          0.008295988664031029,
          0.009106749668717384,
          0.008295988664031029,
          0.00887275394052267,
          0.01096045970916748,
          0.009256700985133648,
          0.009256700985133648,
          0.011300889775156975,
          0.009106749668717384,
          0.009106749668717384,
          0.00785919837653637,
          0.00785919837653637
        ]
      },
      "global_max_index": 15,
      "top1": 0.011300889775156975,
      "top2": 0.01096045970916748,
      "gap": 0.0003404300659894943,
      "matched_windows": [
        [
          13,
          14,
          15
        ]
      ],
      "matched_motifs": [
        "KKL"
      ]
    },
    {
      "record": {
        "sequence": "FKKLKKIANIINSIFKK",
        "selected_indices": [
          [
            1,
            2,
            3
          ],
          [
            4,
            5,
            6
          ],
          [
            13,
            14,
            15
          ]
        ],
        "key_subsequences": [
          "fkk",
          "lkk",
          "sif"
        ],
        "attention_importance": [
          0.009329230524599552,
          0.009708588011562824,
          0.009708588011562824,
          0.010212160646915436,
          0.009708588011562824,
          0.009708588011562824,
          0.009881271049380302,
          0.00905520934611559,
          0.00790206529200077,
          0.009881271049380302,
          0.009881271049380302,
          0.00790206529200077,
          0.008052554912865162,
          0.009881271049380302,
          0.009329230524599552,
          0.009708588011562824,
          0.009708588011562824,
          0.007916023954749107,
          0.007916023954749107
        ]
      },
      "global_max_index": 3,
      "top1": 0.010212160646915436,
      "top2": 0.009881271049380302,
      "gap": 0.00033088959753513336,
      "matched_windows": [
        [
          1,
          2,
          3
        ],
        [
          3,
          4,
          5
        ]
      ],
      "matched_motifs": [
        "KKL",
        "LKK"
      ]
    },
    {
      "record": {
        "sequence": "FKLGSFLKKAWKSKLAKKLRAKGKEMLKDYAKGLLEGGSEEVPGQ",
        "selected_indices": [
          [
            5,
            6,
            7
          ],
          [
            32,
            33,
            34
          ],
          [
            25,
            26,
            27
          ]
        ],
        "key_subsequences": [
          "sfl",
          "kgl",
          "eml"
        ],