{
  "selected_top5_by_gap": [
    {
      "record": {
        "sequence": "FRFGSFLKKVWKSKLAKKLRSKGKQLLKDYANKVLNGPEEEAAAPAE",
        "selected_indices": [
          [
            25,
            26,
            27
          ],
          [
            5,
            6,
            7
          ],
          [
            32,
            33,
            34
          ]
        ],
        "key_subsequences": [
          "qll",
          "sfl",
          "nkv"
        ],
        "attention_importance": [
          0.009429840371012688,
          0.008723168633878231,
          0.009164348244667053,
          0.008950216695666313,
          0.008481770753860474,
          0.009054376743733883,
          0.010340467095375061,
          0.009007059969007969,
          0.008973690681159496,
          0.009545880369842052,
          0.008486863225698471,
          0.00896385870873928,
          0.008294668979942799,
          0.009008320979773998,
          0.01001683995127678,
          0.00889341626316309,
          0.00896385870873928,
          0.008973690681159496,
          0.01001683995127678,
          0.008542708121240139,
          0.008397380821406841,
          0.009008320979773998,
          0.008911744691431522,
          0.008904095739126205,
          0.008828149177134037,
          0.009519202634692192,
          0.01001683995127678,
          0.009007059969007969,
          0.008218253962695599,
          0.008659124374389648,
          0.00889341626316309,
          0.008537623099982738,
          0.00873277336359024,
          0.00955389067530632,
          0.009997457265853882,
          0.008282819762825966,
          0.00880360696464777,
          0.009771459735929966,
          0.008733969181776047,
          0.008692814037203789,
          0.008692814037203789,
          0.008910465985536575,
          0.008902737870812416,
          0.009214499033987522,
          0.009643460623919964,
          0.008902737870812416,
          0.008692814037203789,
          0.007987595163285732,
          0.007987595163285732
        ]
      },
      "global_max_index": 6,
      "top1": 0.010340467095375061,
      "top2": 0.01001683995127678,
      "gap": 0.00032362714409828186,
      "matched_windows": [
        [
          6,
          7,
          8
        ]
      ],
      "matched_motifs": [
        "LKK"
      ]
    },
    {
      "record": {
        "sequence": "FKLGSFLKKAWKSKLAKKLRAKGKEMLKDYAKGLLEGGSEEVPGQ",
        "selected_indices": [
          [
            5,
            6,
            7
          ],
          [
            32,
            33,
            34
          ],
          [
            25,
            26,
            27
          ]
        ],
        "key_subsequences": [
          "sfl",
          "kgl",
          "eml"
        ],
        "attention_importance": [
          0.009157158434391022,
          0.00884358212351799,
          0.008989028632640839,
          0.008921410888433456,
          0.008511705324053764,
          0.009389321319758892,
          0.010625222697854042,
          0.008985534310340881,
          0.009008691646158695,
          0.009908914566040039,
          0.008426457643508911,
          0.009008691646158695,
          0.008319519460201263,
          0.00895874947309494,
          0.010086484253406525,
          0.009061671793460846,
          0.009068554267287254,
          0.009068554267287254,
          0.010086484253406525,
          0.008766544982790947,
          0.008673575706779957,
          0.00895874947309494,
          0.008621606975793839,
          0.009134350344538689,
          0.008778579533100128,
          0.009409262798726559,
          0.010086484253406525,
          0.008985534310340881,
          0.00869891606271267,
          0.00839570164680481,
          0.009061671793460846,
          0.0086445901542902,
          0.008767703548073769,
          0.009466558694839478,
          0.01031004823744297,
          0.008491778746247292,
          0.008944280445575714,
          0.009457146748900414,
          0.009602265432476997,
          0.008763926103711128,
          0.008708284236490726,
          0.00898333266377449,
          0.009558051824569702,
          0.009111066348850727,
          0.008845916949212551,
          0.008075486868619919,
          0.008075486868619919
        ]
      },
      "global_max_index": 6,
      "top1": 0.010625222697854042,
      "top2": 0.01031004823744297,
      "gap": 0.0003151744604110718,
      "matched_windows": [
        [
          6,
          7,
          8
        ]
      ],
      "matched_motifs": [
        "LKK"
      ]
    },
    {
      "record": {
        "sequence": "VNWKKILKKIIKVVK",
        "selected_indices": [
          [
            11,
            12,
            13
          ],
          [
            6,
            7,
            8
          ],
          [
            3,
            4,
            5
          ]
        ],
        "key_subsequences": [
          "ikv",
          "ilk",
          "wkk"
        ],
        "attention_importance": [
          0.009930729866027832,
          0.008314660750329494,
          0.008769193664193153,
          0.009731223806738853,
          0.009731223806738853,
          0.009649471379816532,
          0.010019991546869278,
          0.009731223806738853,
          0.009731223806738853,
          0.009649471379816532,
          0.009649471379816532,
          0.009731223806738853,
          0.009930729866027832,
          0.009930729866027832,
          0.009731223806738853,
          0.007826379500329494,
          0.007826379500329494
        ]
      },
      "global_max_index": 6,
      "top1": 0.010019991546869278,
      "top2": 0.009930729866027832,
      "gap": 8.926168084144592e-05,
      "matched_windows": [
        [
          6,
          7,
          8
        ]
      ],
      "matched_motifs": [
        "LKK"
      ]
    },
    {
      "record": {
        "sequence": "SMWSGMWRRKLKKLRNALKKKLKGEK",
        "selected_indices": [
          [
            16,
            17,
            18
          ],
          [
            9,
            10,
            11
          ],
          [
            19,
            20,
            21
          ]
        ],
        "key_subsequences": [
          "nal",
          "rkl",
          "kkk"
        ],
        "attention_importance": [
          0.008085329085588455,
          0.010660957545042038,
          0.007754748687148094,
          0.008085329085588455,
          0.008542446419596672,
          0.010660957545042038,
          0.007754748687148094,
          0.00866683293133974,
          0.00866683293133974,
          0.009149645455181599,
          0.010871454142034054,
          0.009149645455181599,
          0.009149645455181599,
          0.010871454142034054,
          0.00866683293133974,
          0.008071050979197025,
          0.009485550224781036,
          0.010871454142034054,
          0.009149645455181599,
          0.009149645455181599,
          0.009149645455181599,
          0.010871454142034054,
          0.009149645455181599,
          0.008542446419596672,
          0.008535616099834442,
          0.009149645455181599,
          0.008025212213397026,
          0.008025212213397026
        ]
      },
      "global_max_index": 10,
      "top1": 0.010871454142034054,
      "top2": 0.010871454142034054,
      "gap": 0.0,
      "matched_windows": [
        [
          10,
          11,
          12
        ]
      ],
      "matched_motifs": [
        "LKK"
      ]
    },
    {
      "record": {
        "sequence": "KLKKLLKKWLKLLKKLLK",
        "selected_indices": [
          [
            3,
            4,
            5
          ],
          [
            9,
            10,
            11
          ],
          [
            14,
            15,
            16
          ]
        ],
        "key_subsequences": [
          "kkl",
          "wlk",
          "kkl"
        ],