{
  "selected_top5_by_gap": [
    {
      "record": {
        "sequence": "FAVNPGLLETSEGCRAAA",
        "selected_indices": [
          [
            14,
            15,
            16
          ],
          [
            5,
            6,
            7
          ],
          [
            2,
            3,
            4
          ]
        ],
        "key_subsequences": [
          "cra",
          "pgl",
          "avn"
        ],
        "attention_importance": [
          0.008138679899275303,
          0.009153450839221478,
          0.009002363309264183,
          0.007987785153090954,
          0.009181086905300617,
          0.008565855212509632,
          0.009202222339808941,
          0.009202222339808941,
          0.00855464581400156,
          0.008399722166359425,
          0.00830563623458147,
          0.00855464581400156,
          0.008565855212509632,
          0.008940037339925766,
          0.009168608114123344,
          0.009153450839221478,
          0.009153450839221478,
          0.009153450839221478,
          0.007928498089313507,
          0.007928498089313507
        ]
      },
      "global_max_index": 6,
      "top1": 0.009202222339808941,
      "top2": 0.009202222339808941,
      "gap": 0.0,
      "matched_windows": [
        [
          6,
          7,
          8
        ]
      ],
      "matched_motifs": [
        "LLE"
      ]
    },
    {
      "record": {
        "sequence": "ALDKAEESNSKLDKVNVKLT",
        "selected_indices": [
          [
            4,
            5,
            6
          ],
          [
            16,
            17,
            18
          ],
          [
            1,
            2,
            3
          ]
        ],
        "key_subsequences": [
          "kae",
          "nvk",
          "ald"
        ],
        "attention_importance": [
          0.010109659284353256,
          0.009834343567490578,
          0.009018424898386002,
          0.010043539106845856,
          0.010109659284353256,
          0.010124210268259048,
          0.010124210268259048,
          0.008921968750655651,
          0.009032728150486946,
          0.008921968750655651,
          0.010043539106845856,
          0.009834343567490578,
          0.009018424898386002,
          0.010043539106845856,
          0.009805812500417233,
          0.009032728150486946,
          0.009805812500417233,
          0.010043539106845856,
          0.009834343567490578,
          0.008842266164720058,
          0.00784679688513279,
          0.00784679688513279
        ]
      },
      "global_max_index": 5,
      "top1": 0.010124210268259048,
      "top2": 0.010124210268259048,
      "gap": 0.0,
      "matched_windows": [
        [
          5,
          6,
          7
        ]
      ],
      "matched_motifs": [
        "EES"
      ]
    },
    {
      "record": {
        "sequence": "AQLLESVLQEERILALHAQARERLT",
        "selected_indices": [
          [
            1,
            2,
            3
          ],
          [
            13,
            14,
            15
          ],
          [
            6,
            7,
            8
          ]
        ],
        "key_subsequences": [
          "aql",
          "ila",
          "svl"
        ],
        "attention_importance": [
          0.008951623924076557,
          0.009212708100676537,
          0.009840082377195358,
          0.009840082377195358,
          0.008815000765025616,
          0.008152664639055729,
          0.009295975789427757,
          0.009840082377195358,
          0.009212708100676537,
          0.008815000765025616,
          0.008815000765025616,
          0.009323068894445896,
          0.009335624985396862,
          0.009840082377195358,
          0.008951623924076557,
          0.009840082377195358,
          0.007995673455297947,
          0.008951623924076557,
          0.009212708100676537,
          0.008951623924076557,
          0.009323068894445896,
          0.008815000765025616,
          0.009323068894445896,
          0.009840082377195358,
          0.008077282458543777,
          0.008082205429673195,
          0.008082205429673195
        ]
      },
      "global_max_index": 2,
      "top1": 0.009840082377195358,
      "top2": 0.009840082377195358,
      "gap": 0.0,
      "matched_windows": [
        [
          2,
          3,
          4
        ]
      ],
      "matched_motifs": [
        "LLE"
      ]
    },
    {
      "record": {
        "sequence": "FLEENITALLEEAQIQQEKNMYELQKLNSWDVFGN",
        "selected_indices": [
          [
            23,
            24,
            25
          ],
          [
            16,
            17,
            18
          ],
          [
            13,
            14,
            15
          ]
        ],
        "key_subsequences": [
          "elq",
          "qqe",
          "aqi"
        ],
        "attention_importance": [
          0.00842955894768238,
          0.009431288577616215,
          0.009267419576644897,
          0.009267419576644897,
          0.008470267988741398,
          0.008911696262657642,
          0.008100638166069984,
          0.00915190763771534,
          0.009431288577616215,
          0.009431288577616215,
          0.009267419576644897,
          0.009267419576644897,
          0.00915190763771534,
          0.00967815238982439,
          0.008911696262657642,
          0.00967815238982439,
          0.00967815238982439,
          0.009267419576644897,
          0.00986267440021038,
          0.008470267988741398,
          0.009265858680009842,
          0.008228832855820656,
          0.009267419576644897,
          0.009431288577616215,
          0.00967815238982439,
          0.00986267440021038,
          0.009431288577616215,
          0.008470267988741398,
          0.008373691700398922,
          0.009033541195094585,
          0.008906803093850613,
          0.009187528863549232,
          0.00842955894768238,
          0.00882147066295147,
          0.008470267988741398,
          0.008037514984607697,
          0.008037514984607697
        ]
      },
      "global_max_index": 18,
      "top1": 0.00986267440021038,
      "top2": 0.00986267440021038,
      "gap": 0.0,
      "matched_windows": [
        [
          16,
          17,
          18
        ]
      ],
      "matched_motifs": [
        "QEK"
      ]
    },
    {
      "record": {
        "sequence": "EESQNQQEKNEQELLELDKWASLWNWFNITNWLWLI",
        "selected_indices": [
          [
            12,
            13,
            14
          ],
          [
            31,
            32,
            33
          ],
          [
            22,
            23,
            24
          ]
        ],
        "key_subsequences": [
          "qel",
          "nwl",
          "slw"
        ],