{"model": "bert_ft", "best_epoch": 8, "selection_metric": "val_macro_f1", "val_acc": 0.5542464717741935, "test_acc": 0.5574381510416665, "val_metrics": {"instance_acc": 0.5541707396546106, "instance_precision": 0.6611274030628869, "instance_recall": 0.6159661127403063, "instance_f1": 0.6377482485840085, "hamming_loss": 0.08836754643206256, "exact_match": 0.3998044965786901, "macro_f1": 0.32582570499144997, "micro_f1": 0.5865853658536585, "macro_auc": 0.7741015317157071, "micro_auc": 0.9060350282295796, "macro_aupr": 0.369419124394754, "micro_aupr": 0.6173186558284509, "macro_aupoc": 0.369419124394754, "micro_aupoc": 0.6173186558284509, "macro_mcc": 0.2851938076980165, "macro_bacc": 0.6237471364774265, "macro_precision": 0.42333069685878844, "micro_precision": 0.6366644606221046, "macro_recall": 0.30021028261267946, "micro_recall": 0.5438100621820238, "macro_acc": 0.9116324535679373}, "test_metrics": {"instance_acc": 0.5574381510416667, "instance_precision": 0.6243489583333333, "instance_recall": 0.6274576822916667, "instance_f1": 0.6258994602256721, "hamming_loss": 0.08020833333333334, "exact_match": 0.427734375, "macro_f1": 0.3415921412666656, "micro_f1": 0.5917826375082836, "macro_auc": 0.786584674873038, "micro_auc": 0.9130999593563965, "macro_aupr": 0.36386963132975514, "micro_aupr": 0.606475169463772, "macro_aupoc": 0.36386963132975514, "micro_aupoc": 0.606475169463772, "macro_mcc": 0.30386313304316814, "macro_bacc": 0.641311474704318, "macro_precision": 0.41313237410259696, "micro_precision": 0.5921750663129973, "macro_recall": 0.3391450165422882, "micro_recall": 0.5913907284768212, "macro_acc": 0.9197916666666667}}