{"model": "bert", "val_acc": 0.5399156796034945, "test_acc": 0.50712890625}