{"model": "esm2_ft", "best_epoch": 10, "selection_metric": "val_macro_f1", "val_acc": 0.5709315146169355, "test_acc": 0.5598470052083333, "val_metrics": {"instance_acc": 0.5707722385141741, "instance_precision": 0.6805962854349951, "instance_recall": 0.6127891821440209, "instance_f1": 0.6449153041786283, "hamming_loss": 0.08106875203649397, "exact_match": 0.436950146627566, "macro_f1": 0.43532072103930736, "micro_f1": 0.5981912144702842, "macro_auc": 0.889171135492446, "micro_auc": 0.9303774192677998, "macro_aupr": 0.4970367380354907, "micro_aupr": 0.6844445075225724, "macro_aupoc": 0.4970367380354907, "micro_aupoc": 0.6844445075225724, "macro_mcc": 0.40794819146615435, "macro_bacc": 0.6785230185587849, "macro_precision": 0.5628230975674537, "micro_precision": 0.6978146194423511, "macro_recall": 0.39385047487090136, "micro_recall": 0.5234595816845675, "macro_acc": 0.9189312479635059}, "test_metrics": {"instance_acc": 0.5598470052083333, "instance_precision": 0.62548828125, "instance_recall": 0.6112955729166666, "instance_f1": 0.6183104928985497, "hamming_loss": 0.07467447916666667, "exact_match": 0.4423828125, "macro_f1": 0.4264774768522379, "micro_f1": 0.600765750087017, "macro_auc": 0.8684105870957974, "micro_auc": 0.9262116336337772, "macro_aupr": 0.4434043681765156, "micro_aupr": 0.6483530491436157, "macro_aupoc": 0.4434043681765156, "micro_aupoc": 0.6483530491436157, "macro_mcc": 0.3956913903725144, "macro_bacc": 0.6780683842340101, "macro_precision": 0.5186028768988596, "micro_precision": 0.6331621423330888, "macro_recall": 0.4004985677987461, "micro_recall": 0.571523178807947, "macro_acc": 0.9253255208333333}}