{"model": "esm2", "best_epoch": 8, "selection_metric": "val_macro_f1", "val_acc": 0.5570317750336022, "test_acc": 0.5341145833333333, "val_metrics": {"instance_acc": 0.5569403714565004, "instance_precision": 0.6453242098403388, "instance_recall": 0.6163408276311502, "instance_f1": 0.6304996108642672, "hamming_loss": 0.08400130335614206, "exact_match": 0.4046920821114369, "macro_f1": 0.42225618979338236, "micro_f1": 0.6008052028491793, "macro_auc": 0.8588520936088845, "micro_auc": 0.9202045940813319, "macro_aupr": 0.46620731902249024, "micro_aupr": 0.6548633406753184, "macro_aupoc": 0.46620731902249024, "micro_aupoc": 0.6548633406753184, "macro_mcc": 0.39517428553457024, "macro_bacc": 0.6673096740861945, "macro_precision": 0.57124785326669, "micro_precision": 0.6643835616438356, "macro_recall": 0.3802720342519724, "micro_recall": 0.5483323911814585, "macro_acc": 0.9159986966438578}, "test_metrics": {"instance_acc": 0.5341145833333333, "instance_precision": 0.5899414062499999, "instance_recall": 0.6118001302083333, "instance_f1": 0.6006719718163811, "hamming_loss": 0.0806640625, "exact_match": 0.3984375, "macro_f1": 0.39217059335344656, "micro_f1": 0.5824064711830131, "macro_auc": 0.8368861699252024, "micro_auc": 0.9105367346450857, "macro_aupr": 0.4284702254367362, "micro_aupr": 0.6014127198524795, "macro_aupoc": 0.4284702254367362, "micro_aupoc": 0.6014127198524795, "macro_mcc": 0.3670315414690512, "macro_bacc": 0.6665632333603102, "macro_precision": 0.5275925523466799, "micro_precision": 0.5929993136582018, "macro_recall": 0.3859396052888317, "micro_recall": 0.5721854304635762, "macro_acc": 0.9193359375}}