{"model": "my", "val_acc": 0.5676280031922043, "test_acc": 0.5717447916666666}