{"model": "prott5", "best_epoch": 10, "selection_metric": "val_macro_f1", "val_acc": 0.2614593834005376, "test_acc": 0.3111002604166667, "val_metrics": {"instance_acc": 0.2614206581948517, "instance_precision": 0.4897360703812317, "instance_recall": 0.2614206581948517, "instance_f1": 0.34087992822353896, "hamming_loss": 0.11665037471489084, "exact_match": 0.09579667644183773, "macro_f1": 0.043832020997375334, "micro_f1": 0.35888252148997135, "macro_auc": 0.5, "micro_auc": 0.81427846434019, "macro_aupr": 0.5576409253828609, "micro_aupr": 0.3360594226505845, "macro_aupoc": 0.5576409253828609, "micro_aupoc": 0.3360594226505845, "macro_mcc": 0.0, "macro_bacc": 0.5, "macro_precision": 0.032649071358748775, "micro_precision": 0.4897360703812317, "macro_recall": 0.06666666666666667, "micro_recall": 0.28321085358959863, "macro_acc": 0.8833496252851092}, "test_metrics": {"instance_acc": 0.31110026041666666, "instance_precision": 0.48828125, "instance_recall": 0.31110026041666666, "instance_f1": 0.38005488506332213, "hamming_loss": 0.09986979166666667, "exact_match": 0.166015625, "macro_f1": 0.043744531933508315, "micro_f1": 0.39463299131807417, "macro_auc": 0.5, "micro_auc": 0.820858392904105, "macro_aupr": 0.5491536458333334, "micro_aupr": 0.3284941862927331, "macro_aupoc": 0.5491536458333334, "micro_aupoc": 0.3284941862927331, "macro_mcc": 0.0, "macro_bacc": 0.5, "macro_precision": 0.032552083333333336, "micro_precision": 0.48828125, "macro_recall": 0.06666666666666667, "micro_recall": 0.33112582781456956, "macro_acc": 0.9001302083333333}}