{"model": "protbert", "best_epoch": 8, "selection_metric": "val_macro_f1", "val_acc": 0.03536731350806451, "test_acc": 0.048177083333333336, "val_metrics": {"instance_acc": 0.5469371130661453, "instance_precision": 0.6489736070381231, "instance_recall": 0.6050505050505051, "instance_f1": 0.6262428368285043, "hamming_loss": 0.08563049853372434, "exact_match": 0.396871945259042, "macro_f1": 0.42140592333854326, "micro_f1": 0.594944512946979, "macro_auc": 0.8491700983560647, "micro_auc": 0.9070808542858028, "macro_aupr": 0.42978639834410515, "micro_aupr": 0.6139695574573203, "macro_aupoc": 0.42978639834410515, "micro_aupoc": 0.6139695574573203, "macro_mcc": 0.381814585051606, "macro_bacc": 0.6666141871082331, "macro_precision": 0.5382385686283897, "micro_precision": 0.6542372881355932, "macro_recall": 0.379716613870777, "micro_recall": 0.5455059355568117, "macro_acc": 0.9143695014662756}, "test_metrics": {"instance_acc": 0.5491861979166667, "instance_precision": 0.603076171875, "instance_recall": 0.620654296875, "instance_f1": 0.6117389849735156, "hamming_loss": 0.07838541666666667, "exact_match": 0.4306640625, "macro_f1": 0.41900281986930626, "micro_f1": 0.5986666666666667, "macro_auc": 0.8413763150649545, "micro_auc": 0.907008630788725, "macro_aupr": 0.3913074975551852, "micro_aupr": 0.6105616446297851, "macro_aupoc": 0.3913074975551852, "micro_aupoc": 0.6105616446297851, "macro_mcc": 0.3702246086821265, "macro_bacc": 0.6754818254667768, "macro_precision": 0.4455358891847606, "micro_precision": 0.6026845637583893, "macro_recall": 0.402767776358587, "micro_recall": 0.5947019867549669, "macro_acc": 0.9216145833333333}}