model,val_acc,test_acc
protbert,0.379079,0.379818
prott5,0.357719,0.356250
esm2,0.501249,0.469466
bert_ft,0.567628,0.56445
esm2_ft,0.5749,0.5712
